{"cameraMode":{"drawMode":0,"name":"Shaded","section":"Shading Mode"},"sceneLighting":false,"audioPlay":false,"sceneViewState":{"showFog":true,"showMaterialUpdate":false,"showSkybox":false,"showFlares":true,"showImageEffects":true,"showParticleSystems":true},"in2DMode":false,"pivot":{"x":-0.4691225290298462,"y":-0.8902134895324707,"z":4.517851829528809},"rotation":{"x":-0.004488781560212374,"y":0.9740025401115418,"z":-0.0189873818308115,"w":-0.22598177194595338},"size":0.8660253882408142,"orthographic":false}