{"cameraMode":{"drawMode":0,"name":"Shaded","section":"Shading Mode"},"sceneLighting":false,"audioPlay":false,"sceneViewState":{"showFog":true,"showMaterialUpdate":false,"showSkybox":false,"showFlares":true,"showImageEffects":true,"showParticleSystems":true},"in2DMode":false,"pivot":{"x":9.5367431640625e-7,"y":0.8036624789237976,"z":-0.015426158905029297},"rotation":{"x":-0.30567774176597597,"y":0.6540291905403137,"z":-0.3281247615814209,"w":-0.6092686057090759},"size":1.0704680681228638,"orthographic":false}