{"cameraMode":{"drawMode":0,"name":"Shaded","section":"Shading Mode"},"sceneLighting":false,"audioPlay":false,"sceneViewState":{"showFog":true,"showMaterialUpdate":false,"showSkybox":false,"showFlares":true,"showImageEffects":true,"showParticleSystems":true},"in2DMode":false,"pivot":{"x":0.0,"y":0.6709514260292053,"z":-0.010204613208770752},"rotation":{"x":-0.2533298134803772,"y":-0.05335134267807007,"z":0.014016946777701378,"w":-0.9658510088920593},"size":0.8899160027503967,"orthographic":false}