{"cameraMode":{"drawMode":0,"name":"Shaded","section":"Shading Mode"},"sceneLighting":false,"audioPlay":false,"sceneViewState":{"showFog":true,"showMaterialUpdate":false,"showSkybox":false,"showFlares":true,"showImageEffects":true,"showParticleSystems":true},"in2DMode":false,"pivot":{"x":1.1920928955078126e-7,"y":0.7834057211875916,"z":0.010204583406448365},"rotation":{"x":-0.20050163567066194,"y":0.4602929651737213,"z":-0.1075160875916481,"w":-0.8581651449203491},"size":0.9873537421226502,"orthographic":false}